"부동산물건uid(부동산물건uid)","시도명(시도명)","시군구명(시군구명)","구명(구명)","읍면동명(읍면동명)","리명(리명)","번지(번지)","기타번지(기타번지)","아파트명(아파트명)","총세대수(총세대수)","총동수(총동수)","단지최고층(단지최고층)","단지최저층(단지최저층)","준공연월(준공연월)","건설업체명(건설업체명)","난방방식(난방방식)","난방연료(난방연료)","주차대수(주차대수)","관리사무소전화번호(관리사무소전화번호)","분양권여부(분양권여부)","입주년월(입주년월)","단지특성(단지특성)","우편번호(우편번호)","주상복합여부(주상복합여부)","빌라연립여부(빌라연립여부)","구청명(구청명)","동사무소명(동사무소명)","파출소명(파출소명)","소방서명(소방서명)","은행명(은행명)","병원명(병원명)","스포츠센터명(스포츠센터명)","쇼핑센터명(쇼핑센터명)","학교명(학교명)","공원명(공원명)","일반버스번호(일반버스번호)","좌석버스번호(좌석버스번호)","지하철노선명(지하철노선명)","지하철역명(지하철역명)","소요시간(소요시간)","법정동코드(법정동코드)","리모델링여부(리모델링여부)","단지 좌표 X값(단지 좌표 X값)","단지 좌표 Y값(단지 좌표 Y값)"
"20161028","KBA000036","1","서울특별시","도봉구",,"쌍문동",,"54",,"현*****",999999,999999,999999,99999,99999,99999,"삼***********",,"삼***********",,"1132010500",99999,999,999
"20161028","KBA000036","2","서울특별시","도봉구",,"쌍문동",,"54",,"현*****",999999,999999,999999,99999,99999,99999,"삼***********",,"삼***********",,"1132010500",99999,999,999
"20161028","KBA000036","3","서울특별시","도봉구",,"쌍문동",,"54",,"현*****",999999,999999,999999,99999,99999,99999,"삼***********",,"삼***********",,"1132010500",99999,999,999
"20161028","KBA000036","4","서울특별시","도봉구",,"쌍문동",,"54",,"현*****",999999,999999,999999,99999,99999,99999,"삼***********",,"삼***********",,"1132010500",99999,999,999
"20161028","KBA000036","5","서울특별시","도봉구",,"쌍문동",,"54",,"현*****",999999,999999,999999,99999,99999,99999,"삼***********",,"삼***********",,"1132010500",99999,999,999
"20161028","KBA000051","1","서울특별시","도봉구",,"방학동",,"508",,"우*****",999999,999999,999999,99999,99999,99999,"신***********",,"신***********",,"1132010600",99999,999,999
"20161028","KBA000141","1","서울특별시","도봉구",,"쌍문동",,"59",,"한*****",999999,999999,999999,99999,99999,99999,"삼***********",,"삼***********",,"1132010500",99999,999,999
"20161028","KBA000141","2","서울특별시","도봉구",,"쌍문동",,"59",,"한*****",999999,999999,999999,99999,99999,99999,"삼***********",,"삼***********",,"1132010500",99999,999,999
"20161028","KBA000141","3","서울특별시","도봉구",,"쌍문동",,"59",,"한*****",999999,999999,999999,99999,99999,99999,"삼***********",,"삼***********",,"1132010500",99999,999,999
"20161028","KBA000141","4","서울특별시","도봉구",,"쌍문동",,"59",,"한*****",999999,999999,999999,99999,99999,99999,"삼***********",,"삼***********",,"1132010500",99999,999,999
"20161028","KBA000377","1","서울특별시","도봉구",,"창동",,"451",,"창*****",999999,999999,999999,99999,99999,99999,"신***********",,"신***********",,"1132010700",99999,999,999
"20161028","KBA000377","2","서울특별시","도봉구",,"창동",,"451",,"창*****",999999,999999,999999,99999,99999,99999,"신***********",,"신***********",,"1132010700",99999,999,999
"20161028","KBA000469","1","서울특별시","도봉구",,"쌍문동",,"53",,"성*****",999999,999999,999999,99999,99999,99999,"삼***********",,"삼***********",,"1132010500",99999,999,999
"20161028","KBA000469","2","서울특별시","도봉구",,"쌍문동",,"53",,"성*****",999999,999999,999999,99999,99999,99999,"삼***********",,"삼***********",,"1132010500",99999,999,999
"20161028","KBA000681","1","서울특별시","도봉구",,"도봉동",,"642",,"현*****",999999,999999,999999,99999,99999,99999,"오***********",,"오***********",,"1132010800",99999,999,999
"20161028","KBA000681","2","서울특별시","도봉구",,"도봉동",,"642",,"현*****",999999,999999,999999,99999,99999,99999,"오***********",,"오***********",,"1132010800",99999,999,999
"20161028","KBA000681","3","서울특별시","도봉구",,"도봉동",,"642",,"현*****",999999,999999,999999,99999,99999,99999,"오***********",,"오***********",,"1132010800",99999,999,999
"20161028","KBA000687","1","서울특별시","도봉구",,"도봉동",,"641외1필지","641,641-1","서*****",999999,999999,999999,99999,99999,99999,"오***********",,"오***********",,"1132010800",99999,999,999
"20161028","KBA000687","2","서울특별시","도봉구",,"도봉동",,"641외1필지","641,641-1","서*****",999999,999999,999999,99999,99999,99999,"오***********",,"오***********",,"1132010800",99999,999,999
"20161028","KBA000687","3","서울특별시","도봉구",,"도봉동",,"641외1필지","641,641-1","서*****",999999,999999,999999,99999,99999,99999,"오***********",,"오***********",,"1132010800",99999,999,999
"20161028","KBA000970","1","서울특별시","도봉구",,"창동",,"366외 1필지","366,366-2","서*****",999999,999999,999999,99999,99999,99999,,,,,"1132010700",99999,999,999
"20161028","KBA000970","2","서울특별시","도봉구",,"창동",,"366외 1필지","366,366-2","서*****",999999,999999,999999,99999,99999,99999,,,,,"1132010700",99999,999,999
"20161028","KBA000970","3","서울특별시","도봉구",,"창동",,"366외 1필지","366,366-2","서*****",999999,999999,999999,99999,99999,99999,,,,,"1132010700",99999,999,999
"20161028","KBA000970","4","서울특별시","도봉구",,"창동",,"366외 1필지","366,366-2","서*****",999999,999999,999999,99999,99999,99999,,,,,"1132010700",99999,999,999
"20161028","KBA000970","5","서울특별시","도봉구",,"창동",,"366외 1필지","366,366-2","서*****",999999,999999,999999,99999,99999,99999,,,,,"1132010700",99999,999,999
"20161028","KBA001053","1","서울특별시","도봉구",,"쌍문동",,"713",,"에*****",999999,999999,999999,99999,99999,99999,"청***********",,"청***********",,"1132010500",99999,999,999
"20161028","KBA001186","1","서울특별시","도봉구",,"도봉동",,"654",,"동*****",999999,999999,999999,99999,99999,99999,,,,,"1132010800",99999,999,999
"20161028","KBA001186","2","서울특별시","도봉구",,"도봉동",,"654",,"동*****",999999,999999,999999,99999,99999,99999,,,,,"1132010800",99999,999,999
"20161028","KBA001186","3","서울특별시","도봉구",,"도봉동",,"654",,"동*****",999999,999999,999999,99999,99999,99999,,,,,"1132010800",99999,999,999
"20161028","KBA001425","1","서울특별시","도봉구",,"방학동",,"739",,"효*****",999999,999999,999999,99999,99999,99999,"청***********",,"청***********",,"1132010600",99999,999,999
"20161028","KBA001425","2","서울특별시","도봉구",,"방학동",,"739",,"효*****",999999,999999,999999,99999,99999,99999,"청***********",,"청***********",,"1132010600",99999,999,999
"20161028","KBA001506","1","서울특별시","도봉구",,"쌍문동",,"59",,"한*****",999999,999999,999999,99999,99999,99999,"한***********",,"한***********",,"1132010500",99999,999,999
"20161028","KBA001506","2","서울특별시","도봉구",,"쌍문동",,"59",,"한*****",999999,999999,999999,99999,99999,99999,"한***********",,"한***********",,"1132010500",99999,999,999
"20161028","KBA001506","3","서울특별시","도봉구",,"쌍문동",,"59",,"한*****",999999,999999,999999,99999,99999,99999,"한***********",,"한***********",,"1132010500",99999,999,999
"20161028","KBA001575","1","서울특별시","도봉구",,"쌍문동",,"723","47-3","쌍*****",999999,999999,999999,99999,99999,99999,"매***********",,"매***********",,"1132010500",99999,999,999
"20161028","KBA001575","2","서울특별시","도봉구",,"쌍문동",,"723","47-3","쌍*****",999999,999999,999999,99999,99999,99999,"매***********",,"매***********",,"1132010500",99999,999,999
"20161028","KBA001782","1","서울특별시","도봉구",,"창동",,"825",,"북*****",999999,999999,999999,99999,99999,99999,,,,,"1132010700",99999,999,999
"20161028","KBA001782","2","서울특별시","도봉구",,"창동",,"825",,"북*****",999999,999999,999999,99999,99999,99999,,,,,"1132010700",99999,999,999
"20161028","KBA001782","3","서울특별시","도봉구",,"창동",,"825",,"북*****",999999,999999,999999,99999,99999,99999,,,,,"1132010700",99999,999,999
"20161028","KBA001782","4","서울특별시","도봉구",,"창동",,"825",,"북*****",999999,999999,999999,99999,99999,99999,,,,,"1132010700",99999,999,999
"20161028","KBA001782","5","서울특별시","도봉구",,"창동",,"825",,"북*****",999999,999999,999999,99999,99999,99999,,,,,"1132010700",99999,999,999
"20161028","KBA001782","6","서울특별시","도봉구",,"창동",,"825",,"북*****",999999,999999,999999,99999,99999,99999,,,,,"1132010700",99999,999,999
"20161028","KBA001888","1","서울특별시","도봉구",,"창동",,"45",,"삼*****",999999,999999,999999,99999,99999,99999,"딸***********",,"딸***********",,"1132010700",99999,999,999
"20161028","KBA001888","2","서울특별시","도봉구",,"창동",,"45",,"삼*****",999999,999999,999999,99999,99999,99999,"딸***********",,"딸***********",,"1132010700",99999,999,999
"20161028","KBA001888","3","서울특별시","도봉구",,"창동",,"45",,"삼*****",999999,999999,999999,99999,99999,99999,"딸***********",,"딸***********",,"1132010700",99999,999,999
"20161028","KBA002061","1","서울특별시","도봉구",,"창동",,"805","135-5","동*****",999999,999999,999999,99999,99999,99999,"신***********",,"신***********",,"1132010700",99999,999,999
"20161028","KBA002061","2","서울특별시","도봉구",,"창동",,"805","135-5","동*****",999999,999999,999999,99999,99999,99999,"신***********",,"신***********",,"1132010700",99999,999,999
"20161028","KBA002079","1","서울특별시","도봉구",,"방학동",,"732외 1필지","733","신*****",999999,999999,999999,99999,99999,99999,"현***********",,"현***********",,"1132010600",99999,999,999
"20161028","KBA002079","2","서울특별시","도봉구",,"방학동",,"732외 1필지","733","신*****",999999,999999,999999,99999,99999,99999,"현***********",,"현***********",,"1132010600",99999,999,999
"20161028","KBA002086","1","서울특별시","도봉구",,"도봉동",,"643",,"서*****",999999,999999,999999,99999,99999,99999,"경***********",,"경***********",,"1132010800",99999,999,999
"20161028","KBA002218","1","서울특별시","도봉구",,"도봉동",,"30-1",,"도*****",999999,999999,999999,99999,99999,99999,,,,,"1132010800",99999,999,999
"20161028","KBA002218","2","서울특별시","도봉구",,"도봉동",,"30-1",,"도*****",999999,999999,999999,99999,99999,99999,,,,,"1132010800",99999,999,999
"20161028","KBA002375","1","서울특별시","도봉구",,"쌍문동",,"285-5",,"동*****",999999,999999,999999,99999,99999,99999,"굿***********",,"굿***********",,"1132010500",99999,999,999
"20161028","KBA002375","2","서울특별시","도봉구",,"쌍문동",,"285-5",,"동*****",999999,999999,999999,99999,99999,99999,"굿***********",,"굿***********",,"1132010500",99999,999,999
"20161028","KBA002375","3","서울특별시","도봉구",,"쌍문동",,"285-5",,"동*****",999999,999999,999999,99999,99999,99999,"굿***********",,"굿***********",,"1132010500",99999,999,999
"20161028","KBA002619","1","서울특별시","도봉구",,"쌍문동",,"199-1외 3필지","206-5,206-6,206-7","금*****",999999,999999,999999,99999,99999,99999,"부***********",,"부***********",,"1132010500",99999,999,999
"20161028","KBA002619","2","서울특별시","도봉구",,"쌍문동",,"199-1외 3필지","206-5,206-6,206-7","금*****",999999,999999,999999,99999,99999,99999,"부***********",,"부***********",,"1132010500",99999,999,999
"20161028","KBA002619","3","서울특별시","도봉구",,"쌍문동",,"199-1외 3필지","206-5,206-6,206-7","금*****",999999,999999,999999,99999,99999,99999,"부***********",,"부***********",,"1132010500",99999,999,999
"20161028","KBA002619","4","서울특별시","도봉구",,"쌍문동",,"199-1외 3필지","206-5,206-6,206-7","금*****",999999,999999,999999,99999,99999,99999,"부***********",,"부***********",,"1132010500",99999,999,999
"20161028","KBA002747","1","서울특별시","도봉구",,"도봉동",,"87외2필지","87,87-1,87-2","삼*****",999999,999999,999999,99999,99999,99999,"대***********",,"대***********",,"1132010800",99999,999,999
"20161028","KBA002747","2","서울특별시","도봉구",,"도봉동",,"87외2필지","87,87-1,87-2","삼*****",999999,999999,999999,99999,99999,99999,"대***********",,"대***********",,"1132010800",99999,999,999
"20161028","KBA002748","1","서울특별시","도봉구",,"창동",,"26",,"동*****",999999,999999,999999,99999,99999,99999,"반***********",,"반***********",,"1132010700",99999,999,999
"20161028","KBA002748","2","서울특별시","도봉구",,"창동",,"26",,"동*****",999999,999999,999999,99999,99999,99999,"반***********",,"반***********",,"1132010700",99999,999,999
"20161028","KBA002753","1","서울특별시","도봉구",,"쌍문동",,"73",,"경*****",999999,999999,999999,99999,99999,99999,"청***********",,"청***********",,"1132010500",99999,999,999
"20161028","KBA002753","2","서울특별시","도봉구",,"쌍문동",,"73",,"경*****",999999,999999,999999,99999,99999,99999,"청***********",,"청***********",,"1132010500",99999,999,999
"20161028","KBA002753","3","서울특별시","도봉구",,"쌍문동",,"73",,"경*****",999999,999999,999999,99999,99999,99999,"청***********",,"청***********",,"1132010500",99999,999,999
"20161028","KBA002758","1","서울특별시","도봉구",,"창동",,"808",,"동*****",999999,999999,999999,99999,99999,99999,,,,,"1132010700",99999,999,999
"20161028","KBA002758","2","서울특별시","도봉구",,"창동",,"808",,"동*****",999999,999999,999999,99999,99999,99999,,,,,"1132010700",99999,999,999
"20161028","KBA002758","3","서울특별시","도봉구",,"창동",,"808",,"동*****",999999,999999,999999,99999,99999,99999,,,,,"1132010700",99999,999,999
"20161028","KBA002758","4","서울특별시","도봉구",,"창동",,"808",,"동*****",999999,999999,999999,99999,99999,99999,,,,,"1132010700",99999,999,999
"20161028","KBA003386","1","서울특별시","도봉구",,"방학동",,"736",,"신*****",999999,999999,999999,99999,99999,99999,"동***********",,"동***********",,"1132010600",99999,999,999
"20161028","KBA003386","2","서울특별시","도봉구",,"방학동",,"736",,"신*****",999999,999999,999999,99999,99999,99999,"동***********",,"동***********",,"1132010600",99999,999,999
"20161028","KBA003471","1","서울특별시","도봉구",,"방학동",,"738",,"신*****",999999,999999,999999,99999,99999,99999,"현***********",,"현***********",,"1132010600",99999,999,999
"20161028","KBA003471","2","서울특별시","도봉구",,"방학동",,"738",,"신*****",999999,999999,999999,99999,99999,99999,"현***********",,"현***********",,"1132010600",99999,999,999
"20161028","KBA003471","3","서울특별시","도봉구",,"방학동",,"738",,"신*****",999999,999999,999999,99999,99999,99999,"현***********",,"현***********",,"1132010600",99999,999,999
"20161028","KBA004060","1","서울특별시","도봉구",,"쌍문동",,"195","195-1","쌍*****",999999,999999,999999,99999,99999,99999,"부***********",,"부***********",,"1132010500",99999,999,999
"20161028","KBA004138","1","서울특별시","도봉구",,"쌍문동",,"158","158-1","한*****",999999,999999,999999,99999,99999,99999,"부***********",,"부***********",,"1132010500",99999,999,999
"20161028","KBA004138","2","서울특별시","도봉구",,"쌍문동",,"158","158-1","한*****",999999,999999,999999,99999,99999,99999,"부***********",,"부***********",,"1132010500",99999,999,999
"20161028","KBA004165","1","서울특별시","도봉구",,"쌍문동",,"산69-1외5필지","산69-2,산69-3,234,239-3","금*****",999999,999999,999999,99999,99999,99999,"삼***********",,"삼***********",,"1132010500",99999,999,999
"20161028","KBA004165","2","서울특별시","도봉구",,"쌍문동",,"산69-1외5필지","산69-2,산69-3,234,239-3","금*****",999999,999999,999999,99999,99999,99999,"삼***********",,"삼***********",,"1132010500",99999,999,999
"20161028","KBA004165","3","서울특별시","도봉구",,"쌍문동",,"산69-1외5필지","산69-2,산69-3,234,239-3","금*****",999999,999999,999999,99999,99999,99999,"삼***********",,"삼***********",,"1132010500",99999,999,999
"20161028","KBA004311","1","서울특별시","도봉구",,"창동",,"804",,"창*****",999999,999999,999999,99999,99999,99999,"소***********",,"소***********",,"1132010700",99999,999,999
"20161028","KBA004311","2","서울특별시","도봉구",,"창동",,"804",,"창*****",999999,999999,999999,99999,99999,99999,"소***********",,"소***********",,"1132010700",99999,999,999
"20161028","KBA004311","3","서울특별시","도봉구",,"창동",,"804",,"창*****",999999,999999,999999,99999,99999,99999,"소***********",,"소***********",,"1132010700",99999,999,999
"20161028","KBA004387","1","서울특별시","도봉구",,"도봉동",,"595",,"럭*****",999999,999999,999999,99999,99999,99999,"대***********",,"대***********",,"1132010800",99999,999,999
"20161028","KBA004441","1","서울특별시","도봉구",,"쌍문동",,"321",,"금*****",999999,999999,999999,99999,99999,99999,"쌍***********",,"쌍***********",,"1132010500",99999,999,999
"20161028","KBA004441","2","서울특별시","도봉구",,"쌍문동",,"321",,"금*****",999999,999999,999999,99999,99999,99999,"쌍***********",,"쌍***********",,"1132010500",99999,999,999
"20161028","KBA004441","3","서울특별시","도봉구",,"쌍문동",,"321",,"금*****",999999,999999,999999,99999,99999,99999,"쌍***********",,"쌍***********",,"1132010500",99999,999,999
"20161028","KBA004543","1","서울특별시","도봉구",,"방학동",,"720-18",,"방*****",999999,999999,999999,99999,99999,99999,"부***********",,"부***********",,"1132010600",99999,999,999
"20161028","KBA004543","2","서울특별시","도봉구",,"방학동",,"720-18",,"방*****",999999,999999,999999,99999,99999,99999,"부***********",,"부***********",,"1132010600",99999,999,999
"20161028","KBA004543","3","서울특별시","도봉구",,"방학동",,"720-18",,"방*****",999999,999999,999999,99999,99999,99999,"부***********",,"부***********",,"1132010600",99999,999,999
"20161028","KBA004553","1","서울특별시","도봉구",,"쌍문동",,"388-33","103-147,395-4","쌍*****",999999,999999,999999,99999,99999,99999,"서***********",,"서***********",,"1132010500",99999,999,999
"20161028","KBA004553","2","서울특별시","도봉구",,"쌍문동",,"388-33","103-147,395-4","쌍*****",999999,999999,999999,99999,99999,99999,"서***********",,"서***********",,"1132010500",99999,999,999
"20161028","KBA004553","3","서울특별시","도봉구",,"쌍문동",,"388-33","103-147,395-4","쌍*****",999999,999999,999999,99999,99999,99999,"서***********",,"서***********",,"1132010500",99999,999,999
"20161028","KBA004689","1","서울특별시","도봉구",,"쌍문동",,"725","382","삼*****",999999,999999,999999,99999,99999,99999,"래***********",,"래***********",,"1132010500",99999,999,999
"20161028","KBA004689","2","서울특별시","도봉구",,"쌍문동",,"725","382","삼*****",999999,999999,999999,99999,99999,99999,"래***********",,"래***********",,"1132010500",99999,999,999
"20161028","KBA004689","3","서울특별시","도봉구",,"쌍문동",,"725","382","삼*****",999999,999999,999999,99999,99999,99999,"래***********",,"래***********",,"1132010500",99999,999,999
"20161028","KBA004746","1","서울특별시","도봉구",,"창동",,"299",,"상*****",999999,999999,999999,99999,99999,99999,,,,,"1132010700",99999,999,999
"20161028","KBA004746","2","서울특별시","도봉구",,"창동",,"299",,"상*****",999999,999999,999999,99999,99999,99999,,,,,"1132010700",99999,999,999
"20161028","KBA004746","3","서울특별시","도봉구",,"창동",,"299",,"상*****",999999,999999,999999,99999,99999,99999,,,,,"1132010700",99999,999,999
"20161028","KBA004746","4","서울특별시","도봉구",,"창동",,"299",,"상*****",999999,999999,999999,99999,99999,99999,,,,,"1132010700",99999,999,999
"20161028","KBA004746","5","서울특별시","도봉구",,"창동",,"299",,"상*****",999999,999999,999999,99999,99999,99999,,,,,"1132010700",99999,999,999
"20161028","KBA004746","6","서울특별시","도봉구",,"창동",,"299",,"상*****",999999,999999,999999,99999,99999,99999,,,,,"1132010700",99999,999,999
"20161028","KBA004746","7","서울특별시","도봉구",,"창동",,"299",,"상*****",999999,999999,999999,99999,99999,99999,,,,,"1132010700",99999,999,999
"20161028","KBA004900","1","서울특별시","도봉구",,"쌍문동",,"721",,"쌍*****",999999,999999,999999,99999,99999,99999,"중***********",,"중***********",,"1132010500",99999,999,999
"20161028","KBA004900","2","서울특별시","도봉구",,"쌍문동",,"721",,"쌍*****",999999,999999,999999,99999,99999,99999,"중***********",,"중***********",,"1132010500",99999,999,999
"20161028","KBA004905","1","서울특별시","도봉구",,"창동",,"635-42","635-1,26","건*****",999999,999999,999999,99999,99999,99999,,,,,"1132010700",99999,999,999
"20161028","KBA004905","2","서울특별시","도봉구",,"창동",,"635-42","635-1,26","건*****",999999,999999,999999,99999,99999,99999,,,,,"1132010700",99999,999,999
"20161028","KBA004905","3","서울특별시","도봉구",,"창동",,"635-42","635-1,26","건*****",999999,999999,999999,99999,99999,99999,,,,,"1132010700",99999,999,999
"20161028","KBA004905","4","서울특별시","도봉구",,"창동",,"635-42","635-1,26","건*****",999999,999999,999999,99999,99999,99999,,,,,"1132010700",99999,999,999
"20161028","KBA005153","1","서울특별시","도봉구",,"쌍문동",,"153외2필지","153,153-6,152-11","기*****",999999,999999,999999,99999,99999,99999,"매***********",,"매***********",,"1132010500",99999,999,999
"20161028","KBA005153","2","서울특별시","도봉구",,"쌍문동",,"153외2필지","153,153-6,152-11","기*****",999999,999999,999999,99999,99999,99999,"매***********",,"매***********",,"1132010500",99999,999,999
"20161028","KBA005178","1","서울특별시","도봉구",,"쌍문동",,"486-18",,"우*****",999999,999999,999999,99999,99999,99999,"선***********",,"선***********",,"1132010500",99999,999,999
"20161028","KBA005178","2","서울특별시","도봉구",,"쌍문동",,"486-18",,"우*****",999999,999999,999999,99999,99999,99999,"선***********",,"선***********",,"1132010500",99999,999,999
"20161028","KBA005178","3","서울특별시","도봉구",,"쌍문동",,"486-18",,"우*****",999999,999999,999999,99999,99999,99999,"선***********",,"선***********",,"1132010500",99999,999,999
"20161028","KBA005178","4","서울특별시","도봉구",,"쌍문동",,"486-18",,"우*****",999999,999999,999999,99999,99999,99999,"선***********",,"선***********",,"1132010500",99999,999,999
"20161028","KBA005178","5","서울특별시","도봉구",,"쌍문동",,"486-18",,"우*****",999999,999999,999999,99999,99999,99999,"선***********",,"선***********",,"1132010500",99999,999,999
"20161028","KBA005378","1","서울특별시","도봉구",,"창동",,"816",,"창*****",999999,999999,999999,99999,99999,99999,,,,,"1132010700",99999,999,999
"20161028","KBA005378","2","서울특별시","도봉구",,"창동",,"816",,"창*****",999999,999999,999999,99999,99999,99999,,,,,"1132010700",99999,999,999
"20161028","KBA005392","1","서울특별시","도봉구",,"방학동",,"735외 3필지","735-1,735-2,735-3","성*****",999999,999999,999999,99999,99999,99999,"유***********",,"유***********",,"1132010600",99999,999,999
"20161028","KBA005392","2","서울특별시","도봉구",,"방학동",,"735외 3필지","735-1,735-2,735-3","성*****",999999,999999,999999,99999,99999,99999,"유***********",,"유***********",,"1132010600",99999,999,999
"20161028","KBA005465","1","서울특별시","도봉구",,"창동",,"811","746-33","대*****",999999,999999,999999,99999,99999,99999,"현***********",,"현***********",,"1132010700",99999,999,999
"20161028","KBA005465","2","서울특별시","도봉구",,"창동",,"811","746-33","대*****",999999,999999,999999,99999,99999,99999,"현***********",,"현***********",,"1132010700",99999,999,999
"20161028","KBA005465","3","서울특별시","도봉구",,"창동",,"811","746-33","대*****",999999,999999,999999,99999,99999,99999,"현***********",,"현***********",,"1132010700",99999,999,999
"20161028","KBA005465","4","서울특별시","도봉구",,"창동",,"811","746-33","대*****",999999,999999,999999,99999,99999,99999,"현***********",,"현***********",,"1132010700",99999,999,999
"20161028","KBA005627","1","서울특별시","도봉구",,"방학동",,"731","101~103동 한화,104동 성원","한*****",999999,999999,999999,99999,99999,99999,"현***********",,"현***********",,"1132010600",99999,999,999
"20161028","KBA005627","2","서울특별시","도봉구",,"방학동",,"731","101~103동 한화,104동 성원","한*****",999999,999999,999999,99999,99999,99999,"현***********",,"현***********",,"1132010600",99999,999,999
"20161028","KBA005783","1","서울특별시","도봉구",,"창동",,"821",,"초*****",999999,999999,999999,99999,99999,99999,"서***********",,"서***********",,"1132010700",99999,999,999
"20161028","KBA005783","2","서울특별시","도봉구",,"창동",,"821",,"초*****",999999,999999,999999,99999,99999,99999,"서***********",,"서***********",,"1132010700",99999,999,999
"20161028","KBA005783","3","서울특별시","도봉구",,"창동",,"821",,"초*****",999999,999999,999999,99999,99999,99999,"서***********",,"서***********",,"1132010700",99999,999,999
"20161028","KBA005783","4","서울특별시","도봉구",,"창동",,"821",,"초*****",999999,999999,999999,99999,99999,99999,"서***********",,"서***********",,"1132010700",99999,999,999
"20161028","KBA005800","1","서울특별시","도봉구",,"방학동",,"272","271-4,271-1,272-1,271-5","신*****",999999,999999,999999,99999,99999,99999,"현***********",,"현***********",,"1132010600",99999,999,999
"20161028","KBA005800","2","서울특별시","도봉구",,"방학동",,"272","271-4,271-1,272-1,271-5","신*****",999999,999999,999999,99999,99999,99999,"현***********",,"현***********",,"1132010600",99999,999,999
"20161028","KBA005800","3","서울특별시","도봉구",,"방학동",,"272","271-4,271-1,272-1,271-5","신*****",999999,999999,999999,99999,99999,99999,"현***********",,"현***********",,"1132010600",99999,999,999
"20161028","KBA005800","4","서울특별시","도봉구",,"방학동",,"272","271-4,271-1,272-1,271-5","신*****",999999,999999,999999,99999,99999,99999,"현***********",,"현***********",,"1132010600",99999,999,999
"20161028","KBA005800","5","서울특별시","도봉구",,"방학동",,"272","271-4,271-1,272-1,271-5","신*****",999999,999999,999999,99999,99999,99999,"현***********",,"현***********",,"1132010600",99999,999,999
"20161028","KBA005800","6","서울특별시","도봉구",,"방학동",,"272","271-4,271-1,272-1,271-5","신*****",999999,999999,999999,99999,99999,99999,"현***********",,"현***********",,"1132010600",99999,999,999
"20161028","KBA005800","7","서울특별시","도봉구",,"방학동",,"272","271-4,271-1,272-1,271-5","신*****",999999,999999,999999,99999,99999,99999,"현***********",,"현***********",,"1132010600",99999,999,999
"20161028","KBA005800","8","서울특별시","도봉구",,"방학동",,"272","271-4,271-1,272-1,271-5","신*****",999999,999999,999999,99999,99999,99999,"현***********",,"현***********",,"1132010600",99999,999,999
"20161028","KBA006037","1","서울특별시","도봉구",,"쌍문동",,"59-5",,"쌍*****",999999,999999,999999,99999,99999,99999,"한***********",,"한***********",,"1132010500",99999,999,999
"20161028","KBA006037","2","서울특별시","도봉구",,"쌍문동",,"59-5",,"쌍*****",999999,999999,999999,99999,99999,99999,"한***********",,"한***********",,"1132010500",99999,999,999
"20161028","KBA006426","1","서울특별시","도봉구",,"창동",,"813",,"현*****",999999,999999,999999,99999,99999,99999,"현***********",,"현***********",,"1132010700",99999,999,999
"20161028","KBA006426","2","서울특별시","도봉구",,"창동",,"813",,"현*****",999999,999999,999999,99999,99999,99999,"현***********",,"현***********",,"1132010700",99999,999,999
"20161028","KBA006429","1","서울특별시","도봉구",,"창동",,"305",,"주*****",999999,999999,999999,99999,99999,99999,"희***********",,"희***********",,"1132010700",99999,999,999
"20161028","KBA006429","2","서울특별시","도봉구",,"창동",,"305",,"주*****",999999,999999,999999,99999,99999,99999,"희***********",,"희***********",,"1132010700",99999,999,999
"20161028","KBA006429","3","서울특별시","도봉구",,"창동",,"305",,"주*****",999999,999999,999999,99999,99999,99999,"희***********",,"희***********",,"1132010700",99999,999,999
"20161028","KBA006429","4","서울특별시","도봉구",,"창동",,"305",,"주*****",999999,999999,999999,99999,99999,99999,"희***********",,"희***********",,"1132010700",99999,999,999
"20161028","KBA006429","5","서울특별시","도봉구",,"창동",,"305",,"주*****",999999,999999,999999,99999,99999,99999,"희***********",,"희***********",,"1132010700",99999,999,999
"20161028","KBA006429","6","서울특별시","도봉구",,"창동",,"305",,"주*****",999999,999999,999999,99999,99999,99999,"희***********",,"희***********",,"1132010700",99999,999,999
"20161028","KBA006429","7","서울특별시","도봉구",,"창동",,"305",,"주*****",999999,999999,999999,99999,99999,99999,"희***********",,"희***********",,"1132010700",99999,999,999
"20161028","KBA006485","1","서울특별시","도봉구",,"방학동",,"734외 4필지","734,734-1,쌍문동720,720-1,720-2","청*****",999999,999999,999999,99999,99999,99999,,,,,"1132010600",99999,999,999
"20161028","KBA006485","2","서울특별시","도봉구",,"방학동",,"734외 4필지","734,734-1,쌍문동720,720-1,720-2","청*****",999999,999999,999999,99999,99999,99999,,,,,"1132010600",99999,999,999
"20161028","KBA006485","3","서울특별시","도봉구",,"방학동",,"734외 4필지","734,734-1,쌍문동720,720-1,720-2","청*****",999999,999999,999999,99999,99999,99999,,,,,"1132010600",99999,999,999
"20161028","KBA006549","1","서울특별시","도봉구",,"쌍문동",,"59",,"한*****",999999,999999,999999,99999,99999,99999,"매***********",,"매***********",,"1132010500",99999,999,999
"20161028","KBA006549","2","서울특별시","도봉구",,"쌍문동",,"59",,"한*****",999999,999999,999999,99999,99999,99999,"매***********",,"매***********",,"1132010500",99999,999,999
"20161028","KBA006575","1","서울특별시","도봉구",,"방학동",,"275",,"벽*****",999999,999999,999999,99999,99999,99999,"청***********",,"청***********",,"1132010600",99999,999,999
"20161028","KBA006575","2","서울특별시","도봉구",,"방학동",,"275",,"벽*****",999999,999999,999999,99999,99999,99999,"청***********",,"청***********",,"1132010600",99999,999,999
"20161028","KBA006575","3","서울특별시","도봉구",,"방학동",,"275",,"벽*****",999999,999999,999999,99999,99999,99999,"청***********",,"청***********",,"1132010600",99999,999,999
"20161028","KBA006575","4","서울특별시","도봉구",,"방학동",,"275",,"벽*****",999999,999999,999999,99999,99999,99999,"청***********",,"청***********",,"1132010600",99999,999,999
"20161028","KBA006761","1","서울특별시","도봉구",,"방학동",,"720-1","720-14번지외10필지","대*****",999999,999999,999999,99999,99999,99999,"부***********",,"부***********",,"1132010600",99999,999,999
"20161028","KBA006761","2","서울특별시","도봉구",,"방학동",,"720-1","720-14번지외10필지","대*****",999999,999999,999999,99999,99999,99999,"부***********",,"부***********",,"1132010600",99999,999,999
"20161028","KBA006761","3","서울특별시","도봉구",,"방학동",,"720-1","720-14번지외10필지","대*****",999999,999999,999999,99999,99999,99999,"부***********",,"부***********",,"1132010600",99999,999,999
"20161028","KBA006761","4","서울특별시","도봉구",,"방학동",,"720-1","720-14번지외10필지","대*****",999999,999999,999999,99999,99999,99999,"부***********",,"부***********",,"1132010600",99999,999,999
"20161028","KBA006761","5","서울특별시","도봉구",,"방학동",,"720-1","720-14번지외10필지","대*****",999999,999999,999999,99999,99999,99999,"부***********",,"부***********",,"1132010600",99999,999,999
"20161028","KBA006823","1","서울특별시","도봉구",,"방학동",,"507외 1필지","507-1","우*****",999999,999999,999999,99999,99999,99999,"신***********",,"신***********",,"1132010600",99999,999,999
"20161028","KBA006823","2","서울특별시","도봉구",,"방학동",,"507외 1필지","507-1","우*****",999999,999999,999999,99999,99999,99999,"신***********",,"신***********",,"1132010600",99999,999,999
"20161028","KBA006823","3","서울특별시","도봉구",,"방학동",,"507외 1필지","507-1","우*****",999999,999999,999999,99999,99999,99999,"신***********",,"신***********",,"1132010600",99999,999,999
"20161028","KBA006823","4","서울특별시","도봉구",,"방학동",,"507외 1필지","507-1","우*****",999999,999999,999999,99999,99999,99999,"신***********",,"신***********",,"1132010600",99999,999,999
"20161028","KBA006823","5","서울특별시","도봉구",,"방학동",,"507외 1필지","507-1","우*****",999999,999999,999999,99999,99999,99999,"신***********",,"신***********",,"1132010600",99999,999,999
"20161028","KBA006915","1","서울특별시","도봉구",,"방학동",,"274",,"삼*****",999999,999999,999999,99999,99999,99999,"청***********",,"청***********",,"1132010600",99999,999,999
"20161028","KBA006915","2","서울특별시","도봉구",,"방학동",,"274",,"삼*****",999999,999999,999999,99999,99999,99999,"청***********",,"청***********",,"1132010600",99999,999,999
"20161028","KBA006915","3","서울특별시","도봉구",,"방학동",,"274",,"삼*****",999999,999999,999999,99999,99999,99999,"청***********",,"청***********",,"1132010600",99999,999,999
"20161028","KBA006915","4","서울특별시","도봉구",,"방학동",,"274",,"삼*****",999999,999999,999999,99999,99999,99999,"청***********",,"청***********",,"1132010600",99999,999,999
"20161028","KBA006935","1","서울특별시","도봉구",,"쌍문동",,"56",,"삼*****",999999,999999,999999,99999,99999,99999,"부***********",,"부***********",,"1132010500",99999,999,999
"20161028","KBA006935","2","서울특별시","도봉구",,"쌍문동",,"56",,"삼*****",999999,999999,999999,99999,99999,99999,"부***********",,"부***********",,"1132010500",99999,999,999
"20161028","KBA006935","3","서울특별시","도봉구",,"쌍문동",,"56",,"삼*****",999999,999999,999999,99999,99999,99999,"부***********",,"부***********",,"1132010500",99999,999,999
"20161028","KBA006935","4","서울특별시","도봉구",,"쌍문동",,"56",,"삼*****",999999,999999,999999,99999,99999,99999,"부***********",,"부***********",,"1132010500",99999,999,999
"20161028","KBA007043","1","서울특별시","도봉구",,"쌍문동",,"256",,"에*****",999999,999999,999999,99999,99999,99999,"매***********",,"매***********",,"1132010500",99999,999,999
"20161028","KBA007043","2","서울특별시","도봉구",,"쌍문동",,"256",,"에*****",999999,999999,999999,99999,99999,99999,"매***********",,"매***********",,"1132010500",99999,999,999
"20161028","KBA007220","1","서울특별시","도봉구",,"창동",,"743-15","743-5, 공고시 743-15번지외7필지","창*****",999999,999999,999999,99999,99999,99999,,,,,"1132010700",99999,999,999
"20161028","KBA007220","2","서울특별시","도봉구",,"창동",,"743-15","743-5, 공고시 743-15번지외7필지","창*****",999999,999999,999999,99999,99999,99999,,,,,"1132010700",99999,999,999
"20161028","KBA007220","3","서울특별시","도봉구",,"창동",,"743-15","743-5, 공고시 743-15번지외7필지","창*****",999999,999999,999999,99999,99999,99999,,,,,"1132010700",99999,999,999
"20161028","KBA007251","1","서울특별시","도봉구",,"창동",,"807",,"쌍*****",999999,999999,999999,99999,99999,99999,,,,,"1132010700",99999,999,999
"20161028","KBA007251","2","서울특별시","도봉구",,"창동",,"807",,"쌍*****",999999,999999,999999,99999,99999,99999,,,,,"1132010700",99999,999,999
"20161028","KBA007251","3","서울특별시","도봉구",,"창동",,"807",,"쌍*****",999999,999999,999999,99999,99999,99999,,,,,"1132010700",99999,999,999
"20161028","KBA007401","1","서울특별시","도봉구",,"창동",,"621-69",,"창*****",999999,999999,999999,99999,99999,99999,"삼***********",,"삼***********",,"1132010700",99999,999,999
"20161028","KBA007401","2","서울특별시","도봉구",,"창동",,"621-69",,"창*****",999999,999999,999999,99999,99999,99999,"삼***********",,"삼***********",,"1132010700",99999,999,999
"20161028","KBA007401","3","서울특별시","도봉구",,"창동",,"621-69",,"창*****",999999,999999,999999,99999,99999,99999,"삼***********",,"삼***********",,"1132010700",99999,999,999
"20161028","KBA007645","1","서울특별시","도봉구",,"쌍문동",,"724",,"백*****",999999,999999,999999,99999,99999,99999,"래***********",,"래***********",,"1132010500",99999,999,999
"20161028","KBA007645","2","서울특별시","도봉구",,"쌍문동",,"724",,"백*****",999999,999999,999999,99999,99999,99999,"래***********",,"래***********",,"1132010500",99999,999,999
"20161028","KBA007645","3","서울특별시","도봉구",,"쌍문동",,"724",,"백*****",999999,999999,999999,99999,99999,99999,"래***********",,"래***********",,"1132010500",99999,999,999
"20161028","KBA007645","4","서울특별시","도봉구",,"쌍문동",,"724",,"백*****",999999,999999,999999,99999,99999,99999,"래***********",,"래***********",,"1132010500",99999,999,999
"20161028","KBA007663","1","서울특별시","도봉구",,"쌍문동",,"59-3",,"한*****",999999,999999,999999,99999,99999,99999,"한***********",,"한***********",,"1132010500",99999,999,999
"20161028","KBA007663","2","서울특별시","도봉구",,"쌍문동",,"59-3",,"한*****",999999,999999,999999,99999,99999,99999,"한***********",,"한***********",,"1132010500",99999,999,999
"20161028","KBA007663","3","서울특별시","도봉구",,"쌍문동",,"59-3",,"한*****",999999,999999,999999,99999,99999,99999,"한***********",,"한***********",,"1132010500",99999,999,999
"20161028","KBA007663","4","서울특별시","도봉구",,"쌍문동",,"59-3",,"한*****",999999,999999,999999,99999,99999,99999,"한***********",,"한***********",,"1132010500",99999,999,999
"20161028","KBA007663","5","서울특별시","도봉구",,"쌍문동",,"59-3",,"한*****",999999,999999,999999,99999,99999,99999,"한***********",,"한***********",,"1132010500",99999,999,999
"20161028","KBA007672","1","서울특별시","도봉구",,"방학동",,"530",,"신*****",999999,999999,999999,99999,99999,99999,"초***********",,"초***********",,"1132010600",99999,999,999
"20161028","KBA007758","1","서울특별시","도봉구",,"창동",,"373외 1필지","380","주*****",999999,999999,999999,99999,99999,99999,"명***********",,"명***********",,"1132010700",99999,999,999
"20161028","KBA007758","2","서울특별시","도봉구",,"창동",,"373외 1필지","380","주*****",999999,999999,999999,99999,99999,99999,"명***********",,"명***********",,"1132010700",99999,999,999
"20161028","KBA007758","3","서울특별시","도봉구",,"창동",,"373외 1필지","380","주*****",999999,999999,999999,99999,99999,99999,"명***********",,"명***********",,"1132010700",99999,999,999
"20161028","KBA007758","4","서울특별시","도봉구",,"창동",,"373외 1필지","380","주*****",999999,999999,999999,99999,99999,99999,"명***********",,"명***********",,"1132010700",99999,999,999
"20161028","KBA007758","5","서울특별시","도봉구",,"창동",,"373외 1필지","380","주*****",999999,999999,999999,99999,99999,99999,"명***********",,"명***********",,"1132010700",99999,999,999
"20161028","KBA007785","1","서울특별시","도봉구",,"창동",,"31","30","주*****",999999,999999,999999,99999,99999,99999,"부***********",,"부***********",,"1132010700",99999,999,999
"20161028","KBA007785","2","서울특별시","도봉구",,"창동",,"31","30","주*****",999999,999999,999999,99999,99999,99999,"부***********",,"부***********",,"1132010700",99999,999,999
"20161028","KBA007785","3","서울특별시","도봉구",,"창동",,"31","30","주*****",999999,999999,999999,99999,99999,99999,"부***********",,"부***********",,"1132010700",99999,999,999
"20161028","KBA007785","4","서울특별시","도봉구",,"창동",,"31","30","주*****",999999,999999,999999,99999,99999,99999,"부***********",,"부***********",,"1132010700",99999,999,999
"20161028","KBA007785","5","서울특별시","도봉구",,"창동",,"31","30","주*****",999999,999999,999999,99999,99999,99999,"부***********",,"부***********",,"1132010700",99999,999,999
"20161028","KBA007785","6","서울특별시","도봉구",,"창동",,"31","30","주*****",999999,999999,999999,99999,99999,99999,"부***********",,"부***********",,"1132010700",99999,999,999
"20161028","KBA007785","7","서울특별시","도봉구",,"창동",,"31","30","주*****",999999,999999,999999,99999,99999,99999,"부***********",,"부***********",,"1132010700",99999,999,999
"20161028","KBA007785","8","서울특별시","도봉구",,"창동",,"31","30","주*****",999999,999999,999999,99999,99999,99999,"부***********",,"부***********",,"1132010700",99999,999,999
"20161028","KBA007859","1","서울특별시","도봉구",,"도봉동",,"83외1필지","83,83-2","유*****",999999,999999,999999,99999,99999,99999,"대***********",,"대***********",,"1132010800",99999,999,999
"20161028","KBA007882","1","서울특별시","도봉구",,"방학동",,"444-31",,"대*****",999999,999999,999999,99999,99999,99999,"현***********",,"현***********",,"1132010600",99999,999,999
"20161028","KBA007882","2","서울특별시","도봉구",,"방학동",,"444-31",,"대*****",999999,999999,999999,99999,99999,99999,"현***********",,"현***********",,"1132010600",99999,999,999
"20161028","KBA008155","1","서울특별시","도봉구",,"방학동",,"701-15",,"거*****",999999,999999,999999,99999,99999,99999,"미***********",,"미***********",,"1132010600",99999,999,999
"20161028","KBA008155","2","서울특별시","도봉구",,"방학동",,"701-15",,"거*****",999999,999999,999999,99999,99999,99999,"미***********",,"미***********",,"1132010600",99999,999,999
"20161028","KBA008155","3","서울특별시","도봉구",,"방학동",,"701-15",,"거*****",999999,999999,999999,99999,99999,99999,"미***********",,"미***********",,"1132010600",99999,999,999
"20161028","KBA008155","4","서울특별시","도봉구",,"방학동",,"701-15",,"거*****",999999,999999,999999,99999,99999,99999,"미***********",,"미***********",,"1132010600",99999,999,999
"20161028","KBA008330","1","서울특별시","도봉구",,"창동",,"27","33","주*****",999999,999999,999999,99999,99999,99999,"반***********",,"반***********",,"1132010700",99999,999,999
"20161028","KBA008330","2","서울특별시","도봉구",,"창동",,"27","33","주*****",999999,999999,999999,99999,99999,99999,"반***********",,"반***********",,"1132010700",99999,999,999
"20161028","KBA008330","3","서울특별시","도봉구",,"창동",,"27","33","주*****",999999,999999,999999,99999,99999,99999,"반***********",,"반***********",,"1132010700",99999,999,999
"20161028","KBA008330","4","서울특별시","도봉구",,"창동",,"27","33","주*****",999999,999999,999999,99999,99999,99999,"반***********",,"반***********",,"1132010700",99999,999,999
"20161028","KBA008330","5","서울특별시","도봉구",,"창동",,"27","33","주*****",999999,999999,999999,99999,99999,99999,"반***********",,"반***********",,"1132010700",99999,999,999
"20161028","KBA008330","6","서울특별시","도봉구",,"창동",,"27","33","주*****",999999,999999,999999,99999,99999,99999,"반***********",,"반***********",,"1132010700",99999,999,999
"20161028","KBA008330","7","서울특별시","도봉구",,"창동",,"27","33","주*****",999999,999999,999999,99999,99999,99999,"반***********",,"반***********",,"1132010700",99999,999,999
"20161028","KBA008567","1","서울특별시","도봉구",,"쌍문동",,"160",,"쌍*****",999999,999999,999999,99999,99999,99999,"한***********",,"한***********",,"1132010500",99999,999,999
"20161028","KBA008567","2","서울특별시","도봉구",,"쌍문동",,"160",,"쌍*****",999999,999999,999999,99999,99999,99999,"한***********",,"한***********",,"1132010500",99999,999,999
"20161028","KBA008647","1","서울특별시","도봉구",,"창동",,"347외 1필지","350","주*****",999999,999999,999999,99999,99999,99999,"신***********",,"신***********",,"1132010700",99999,999,999
"20161028","KBA008647","10","서울특별시","도봉구",,"창동",,"347외 1필지","350","주*****",999999,999999,999999,99999,99999,99999,"신***********",,"신***********",,"1132010700",99999,999,999
"20161028","KBA008647","11","서울특별시","도봉구",,"창동",,"347외 1필지","350","주*****",999999,999999,999999,99999,99999,99999,"신***********",,"신***********",,"1132010700",99999,999,999
"20161028","KBA008647","12","서울특별시","도봉구",,"창동",,"347외 1필지","350","주*****",999999,999999,999999,99999,99999,99999,"신***********",,"신***********",,"1132010700",99999,999,999
"20161028","KBA008647","2","서울특별시","도봉구",,"창동",,"347외 1필지","350","주*****",999999,999999,999999,99999,99999,99999,"신***********",,"신***********",,"1132010700",99999,999,999
"20161028","KBA008647","3","서울특별시","도봉구",,"창동",,"347외 1필지","350","주*****",999999,999999,999999,99999,99999,99999,"신***********",,"신***********",,"1132010700",99999,999,999
"20161028","KBA008647","4","서울특별시","도봉구",,"창동",,"347외 1필지","350","주*****",999999,999999,999999,99999,99999,99999,"신***********",,"신***********",,"1132010700",99999,999,999
"20161028","KBA008647","5","서울특별시","도봉구",,"창동",,"347외 1필지","350","주*****",999999,999999,999999,99999,99999,99999,"신***********",,"신***********",,"1132010700",99999,999,999
"20161028","KBA008647","6","서울특별시","도봉구",,"창동",,"347외 1필지","350","주*****",999999,999999,999999,99999,99999,99999,"신***********",,"신***********",,"1132010700",99999,999,999
"20161028","KBA008647","7","서울특별시","도봉구",,"창동",,"347외 1필지","350","주*****",999999,999999,999999,99999,99999,99999,"신***********",,"신***********",,"1132010700",99999,999,999
"20161028","KBA008647","8","서울특별시","도봉구",,"창동",,"347외 1필지","350","주*****",999999,999999,999999,99999,99999,99999,"신***********",,"신***********",,"1132010700",99999,999,999
"20161028","KBA008647","9","서울특별시","도봉구",,"창동",,"347외 1필지","350","주*****",999999,999999,999999,99999,99999,99999,"신***********",,"신***********",,"1132010700",99999,999,999
"20161028","KBA008744","1","서울특별시","도봉구",,"창동",,"812",,"창*****",999999,999999,999999,99999,99999,99999,"삼***********",,"삼***********",,"1132010700",99999,999,999
"20161028","KBA008744","2","서울특별시","도봉구",,"창동",,"812",,"창*****",999999,999999,999999,99999,99999,99999,"삼***********",,"삼***********",,"1132010700",99999,999,999
"20161028","KBA008744","3","서울특별시","도봉구",,"창동",,"812",,"창*****",999999,999999,999999,99999,99999,99999,"삼***********",,"삼***********",,"1132010700",99999,999,999
"20161028","KBA008851","1","서울특별시","도봉구",,"창동",,"316","외1필지","주*****",999999,999999,999999,99999,99999,99999,"으***********",,"으***********",,"1132010700",99999,999,999
"20161028","KBA008851","2","서울특별시","도봉구",,"창동",,"316","외1필지","주*****",999999,999999,999999,99999,99999,99999,"으***********",,"으***********",,"1132010700",99999,999,999
"20161028","KBA008851","3","서울특별시","도봉구",,"창동",,"316","외1필지","주*****",999999,999999,999999,99999,99999,99999,"으***********",,"으***********",,"1132010700",99999,999,999
"20161028","KBA008851","4","서울특별시","도봉구",,"창동",,"316","외1필지","주*****",999999,999999,999999,99999,99999,99999,"으***********",,"으***********",,"1132010700",99999,999,999
"20161028","KBA009014","1","서울특별시","도봉구",,"방학동",,"715-12","외16필지","방*****",999999,999999,999999,99999,99999,99999,"부***********",,"부***********",,"1132010600",99999,999,999
"20161028","KBA009078","1","서울특별시","도봉구",,"도봉동",,"644",,"도*****",999999,999999,999999,99999,99999,99999,"경***********",,"경***********",,"1132010800",99999,999,999
"20161028","KBA009087","1","서울특별시","도봉구",,"창동",,"810",,"신*****",999999,999999,999999,99999,99999,99999,"신***********",,"신***********",,"1132010700",99999,999,999
"20161028","KBA009087","2","서울특별시","도봉구",,"창동",,"810",,"신*****",999999,999999,999999,99999,99999,99999,"신***********",,"신***********",,"1132010700",99999,999,999
"20161028","KBA009087","3","서울특별시","도봉구",,"창동",,"810",,"신*****",999999,999999,999999,99999,99999,99999,"신***********",,"신***********",,"1132010700",99999,999,999
"20161028","KBA009090","1","서울특별시","도봉구",,"창동",,"300",,"상*****",999999,999999,999999,99999,99999,99999,"으***********",,"으***********",,"1132010700",99999,999,999
"20161028","KBA009090","2","서울특별시","도봉구",,"창동",,"300",,"상*****",999999,999999,999999,99999,99999,99999,"으***********",,"으***********",,"1132010700",99999,999,999
"20161028","KBA009090","3","서울특별시","도봉구",,"창동",,"300",,"상*****",999999,999999,999999,99999,99999,99999,"으***********",,"으***********",,"1132010700",99999,999,999
"20161028","KBA009132","1","서울특별시","도봉구",,"창동",,"814","공고시 54-1번지외56필지","대*****",999999,999999,999999,99999,99999,99999,"명***********",,"명***********",,"1132010700",99999,999,999
"20161028","KBA009132","2","서울특별시","도봉구",,"창동",,"814","공고시 54-1번지외56필지","대*****",999999,999999,999999,99999,99999,99999,"명***********",,"명***********",,"1132010700",99999,999,999
"20161028","KBA009145","1","서울특별시","도봉구",,"창동",,"809",,"창*****",999999,999999,999999,99999,99999,99999,"신***********",,"신***********",,"1132010700",99999,999,999
"20161028","KBA009145","2","서울특별시","도봉구",,"창동",,"809",,"창*****",999999,999999,999999,99999,99999,99999,"신***********",,"신***********",,"1132010700",99999,999,999
"20161028","KBA009145","3","서울특별시","도봉구",,"창동",,"809",,"창*****",999999,999999,999999,99999,99999,99999,"신***********",,"신***********",,"1132010700",99999,999,999
"20161028","KBA009145","4","서울특별시","도봉구",,"창동",,"809",,"창*****",999999,999999,999999,99999,99999,99999,"신***********",,"신***********",,"1132010700",99999,999,999
"20161028","KBA009307","1","서울특별시","도봉구",,"방학동",,"496",,"벽*****",999999,999999,999999,99999,99999,99999,,,,,"1132010600",99999,999,999
"20161028","KBA009307","2","서울특별시","도봉구",,"방학동",,"496",,"벽*****",999999,999999,999999,99999,99999,99999,,,,,"1132010600",99999,999,999
"20161028","KBA009500","1","서울특별시","도봉구",,"쌍문동",,"726",,"신*****",999999,999999,999999,99999,99999,99999,"래***********",,"래***********",,"1132010500",99999,999,999
"20161028","KBA009500","2","서울특별시","도봉구",,"쌍문동",,"726",,"신*****",999999,999999,999999,99999,99999,99999,"래***********",,"래***********",,"1132010500",99999,999,999
"20161028","KBA009691","1","서울특별시","도봉구",,"방학동",,"531",,"신*****",999999,999999,999999,99999,99999,99999,"우***********",,"우***********",,"1132010600",99999,999,999
"20161028","KBA009691","2","서울특별시","도봉구",,"방학동",,"531",,"신*****",999999,999999,999999,99999,99999,99999,"우***********",,"우***********",,"1132010600",99999,999,999
"20161028","KBA009691","3","서울특별시","도봉구",,"방학동",,"531",,"신*****",999999,999999,999999,99999,99999,99999,"우***********",,"우***********",,"1132010600",99999,999,999
"20161028","KBA009691","4","서울특별시","도봉구",,"방학동",,"531",,"신*****",999999,999999,999999,99999,99999,99999,"우***********",,"우***********",,"1132010600",99999,999,999
"20161028","KBA009721","1","서울특별시","도봉구",,"방학동",,"730",,"극*****",999999,999999,999999,99999,99999,99999,"현***********",,"현***********",,"1132010600",99999,999,999
"20161028","KBA009787","1","서울특별시","도봉구",,"창동",,"38",,"주*****",999999,999999,999999,99999,99999,99999,"선***********",,"선***********",,"1132010700",99999,999,999
"20161028","KBA009787","2","서울특별시","도봉구",,"창동",,"38",,"주*****",999999,999999,999999,99999,99999,99999,"선***********",,"선***********",,"1132010700",99999,999,999
"20161028","KBA009787","3","서울특별시","도봉구",,"창동",,"38",,"주*****",999999,999999,999999,99999,99999,99999,"선***********",,"선***********",,"1132010700",99999,999,999
"20161028","KBA010162","1","서울특별시","도봉구",,"쌍문동",,"719외 1필지","719-1","현*****",999999,999999,999999,99999,99999,99999,"나***********",,"나***********",,"1132010500",99999,999,999
"20161028","KBA010162","2","서울특별시","도봉구",,"쌍문동",,"719외 1필지","719-1","현*****",999999,999999,999999,99999,99999,99999,"나***********",,"나***********",,"1132010500",99999,999,999
"20161028","KBA010438","1","서울특별시","도봉구",,"쌍문동",,"13-2",,"대*****",999999,999999,999999,99999,99999,99999,"성***********",,"성***********",,"1132010500",99999,999,999
"20161028","KBA010438","2","서울특별시","도봉구",,"쌍문동",,"13-2",,"대*****",999999,999999,999999,99999,99999,99999,"성***********",,"성***********",,"1132010500",99999,999,999
"20161028","KBA010438","3","서울특별시","도봉구",,"쌍문동",,"13-2",,"대*****",999999,999999,999999,99999,99999,99999,"성***********",,"성***********",,"1132010500",99999,999,999
"20161028","KBA010488","1","서울특별시","도봉구",,"창동",,"815",,"창*****",999999,999999,999999,99999,99999,99999,"현***********",,"현***********",,"1132010700",99999,999,999
"20161028","KBA010488","2","서울특별시","도봉구",,"창동",,"815",,"창*****",999999,999999,999999,99999,99999,99999,"현***********",,"현***********",,"1132010700",99999,999,999
"20161028","KBA010488","3","서울특별시","도봉구",,"창동",,"815",,"창*****",999999,999999,999999,99999,99999,99999,"현***********",,"현***********",,"1132010700",99999,999,999
"20161028","KBA010723","1","서울특별시","도봉구",,"도봉동",,"81-1",,"극*****",999999,999999,999999,99999,99999,99999,"대***********",,"대***********",,"1132010800",99999,999,999
"20161028","KBA010918","1","서울특별시","도봉구",,"쌍문동",,"722",,"쌍*****",999999,999999,999999,99999,99999,99999,"중***********",,"중***********",,"1132010500",99999,999,999
"20161028","KBA010918","2","서울특별시","도봉구",,"쌍문동",,"722",,"쌍*****",999999,999999,999999,99999,99999,99999,"중***********",,"중***********",,"1132010500",99999,999,999
"20161028","KBA011058","1","서울특별시","도봉구",,"도봉동",,"555","555","서*****",999999,999999,999999,99999,99999,99999,"으***********",,"으***********",,"1132010800",99999,999,999
"20161028","KBA011268","1","서울특별시","도봉구",,"쌍문동",,"50외 1필지","50-1","쌍*****",999999,999999,999999,99999,99999,99999,"삼***********",,"삼***********",,"1132010500",99999,999,999
"20161028","KBA011614","1","서울특별시","도봉구",,"도봉동",,"655",,"래*****",999999,999999,999999,99999,99999,99999,"대***********",,"대***********",,"1132010800",99999,999,999
"20161028","KBA011614","2","서울특별시","도봉구",,"도봉동",,"655",,"래*****",999999,999999,999999,99999,99999,99999,"대***********",,"대***********",,"1132010800",99999,999,999
"20161028","KBA011614","3","서울특별시","도봉구",,"도봉동",,"655",,"래*****",999999,999999,999999,99999,99999,99999,"대***********",,"대***********",,"1132010800",99999,999,999
"20161028","KBA011615","1","서울특별시","도봉구",,"방학동",,"713외 6필지",,"브*****",999999,999999,999999,99999,99999,99999,"부***********",,"부***********",,"1132010600",99999,999,999
"20161028","KBA011615","2","서울특별시","도봉구",,"방학동",,"713외 6필지",,"브*****",999999,999999,999999,99999,99999,99999,"부***********",,"부***********",,"1132010600",99999,999,999
"20161028","KBA011616","1","서울특별시","도봉구",,"방학동",,"718-7",,"E*****",999999,999999,999999,99999,99999,99999,"부***********",,"부***********",,"1132010600",99999,999,999
"20161028","KBA011616","2","서울특별시","도봉구",,"방학동",,"718-7",,"E*****",999999,999999,999999,99999,99999,99999,"부***********",,"부***********",,"1132010600",99999,999,999
"20161028","KBA011616","3","서울특별시","도봉구",,"방학동",,"718-7",,"E*****",999999,999999,999999,99999,99999,99999,"부***********",,"부***********",,"1132010600",99999,999,999
"20161028","KBA011617","1","서울특별시","도봉구",,"방학동",,"713-12",,"우*****",999999,999999,999999,99999,99999,99999,"부***********",,"부***********",,"1132010600",99999,999,999
"20161028","KBA011617","2","서울특별시","도봉구",,"방학동",,"713-12",,"우*****",999999,999999,999999,99999,99999,99999,"부***********",,"부***********",,"1132010600",99999,999,999
"20161028","KBA011617","3","서울특별시","도봉구",,"방학동",,"713-12",,"우*****",999999,999999,999999,99999,99999,99999,"부***********",,"부***********",,"1132010600",99999,999,999
"20161028","KBA011617","4","서울특별시","도봉구",,"방학동",,"713-12",,"우*****",999999,999999,999999,99999,99999,99999,"부***********",,"부***********",,"1132010600",99999,999,999
"20161028","KBA011617","5","서울특별시","도봉구",,"방학동",,"713-12",,"우*****",999999,999999,999999,99999,99999,99999,"부***********",,"부***********",,"1132010600",99999,999,999
"20161028","KBA011618","1","서울특별시","도봉구",,"쌍문동",,"730",,"대*****",999999,999999,999999,99999,99999,99999,"극***********",,"극***********",,"1132010500",99999,999,999
"20161028","KBA011618","2","서울특별시","도봉구",,"쌍문동",,"730",,"대*****",999999,999999,999999,99999,99999,99999,"극***********",,"극***********",,"1132010500",99999,999,999
"20161028","KBA011619","1","서울특별시","도봉구",,"창동",,"819",,"태*****",999999,999999,999999,99999,99999,99999,,,,,"1132010700",99999,999,999
"20161028","KBA011620","1","서울특별시","도봉구",,"창동",,"823",,"창*****",999999,999999,999999,99999,99999,99999,,,,,"1132010700",99999,999,999
"20161028","KBA011620","2","서울특별시","도봉구",,"창동",,"823",,"창*****",999999,999999,999999,99999,99999,99999,,,,,"1132010700",99999,999,999
"20161028","KBA011620","3","서울특별시","도봉구",,"창동",,"823",,"창*****",999999,999999,999999,99999,99999,99999,,,,,"1132010700",99999,999,999
"20161028","KBA011621","1","서울특별시","도봉구",,"창동",,"822",,"창*****",999999,999999,999999,99999,99999,99999,"으***********",,"으***********",,"1132010700",99999,999,999
"20161028","KBA011621","2","서울특별시","도봉구",,"창동",,"822",,"창*****",999999,999999,999999,99999,99999,99999,"으***********",,"으***********",,"1132010700",99999,999,999
"20161028","KBA011621","3","서울특별시","도봉구",,"창동",,"822",,"창*****",999999,999999,999999,99999,99999,99999,"으***********",,"으***********",,"1132010700",99999,999,999
"20161028","KBA011622","1","서울특별시","도봉구",,"창동",,"820",,"창*****",999999,999999,999999,99999,99999,99999,,,,,"1132010700",99999,999,999
"20161028","KBA011622","2","서울특별시","도봉구",,"창동",,"820",,"창*****",999999,999999,999999,99999,99999,99999,,,,,"1132010700",99999,999,999
"20161028","KBA011622","3","서울특별시","도봉구",,"창동",,"820",,"창*****",999999,999999,999999,99999,99999,99999,,,,,"1132010700",99999,999,999
"20161028","KBA011622","4","서울특별시","도봉구",,"창동",,"820",,"창*****",999999,999999,999999,99999,99999,99999,,,,,"1132010700",99999,999,999
"20161028","KBA011624","1","서울특별시","도봉구",,"창동",,"818",,"창*****",999999,999999,999999,99999,99999,99999,"쌍***********",,"쌍***********",,"1132010700",99999,999,999
"20161028","KBA011624","2","서울특별시","도봉구",,"창동",,"818",,"창*****",999999,999999,999999,99999,99999,99999,"쌍***********",,"쌍***********",,"1132010700",99999,999,999
"20161028","KBA011625","1","서울특별시","도봉구",,"창동",,"824",,"창*****",999999,999999,999999,99999,99999,99999,"신***********",,"신***********",,"1132010700",99999,999,999
"20161028","KBA011625","2","서울특별시","도봉구",,"창동",,"824",,"창*****",999999,999999,999999,99999,99999,99999,"신***********",,"신***********",,"1132010700",99999,999,999
"20161028","KBA011625","5","서울특별시","도봉구",,"창동",,"824",,"창*****",999999,999999,999999,99999,99999,99999,"신***********",,"신***********",,"1132010700",99999,999,999
"20161028","KBA012846","1","서울특별시","도봉구",,"창동",,"817-1외 1필지","817","수*****",999999,999999,999999,99999,99999,99999,"창***********",,"창***********",,"1132010700",99999,999,999
"20161028","KBA012846","2","서울특별시","도봉구",,"창동",,"817-1외 1필지","817","수*****",999999,999999,999999,99999,99999,99999,"창***********",,"창***********",,"1132010700",99999,999,999
"20161028","KBA012984","1","서울특별시","도봉구",,"도봉동",,"51-12",,"중*****",999999,999999,999999,99999,99999,99999,"에***********",,"에***********",,"1132010800",99999,999,999
"20161028","KBA012984","2","서울특별시","도봉구",,"도봉동",,"51-12",,"중*****",999999,999999,999999,99999,99999,99999,"에***********",,"에***********",,"1132010800",99999,999,999
"20161028","KBA012985","1","서울특별시","도봉구",,"도봉동",,"656외 2필지","656-1,656-2","양*****",999999,999999,999999,99999,99999,99999,"에***********",,"에***********",,"1132010800",99999,999,999
"20161028","KBA014484","1","서울특별시","도봉구",,"방학동",,"716-1외 2필지",,"방*****",999999,999999,999999,99999,99999,99999,"조***********",,"조***********",,"1132010600",99999,999,999
"20161028","KBA015126","2","서울특별시","도봉구",,"쌍문동",,"727",,"쌍*****",999999,999999,999999,99999,99999,99999,"삼***********",,"삼***********",,"1132010500",99999,999,999
"20161028","KBA015126","3","서울특별시","도봉구",,"쌍문동",,"727",,"쌍*****",999999,999999,999999,99999,99999,99999,"삼***********",,"삼***********",,"1132010500",99999,999,999
"20161028","KBA015126","4","서울특별시","도봉구",,"쌍문동",,"727",,"쌍*****",999999,999999,999999,99999,99999,99999,"삼***********",,"삼***********",,"1132010500",99999,999,999
"20161028","KBA015126","5","서울특별시","도봉구",,"쌍문동",,"727",,"쌍*****",999999,999999,999999,99999,99999,99999,"삼***********",,"삼***********",,"1132010500",99999,999,999
"20161028","KBA015130","1","서울특별시","도봉구",,"방학동",,"740",,"동*****",999999,999999,999999,99999,99999,99999,"청***********",,"청***********",,"1132010600",99999,999,999
"20161028","KBA015130","2","서울특별시","도봉구",,"방학동",,"740",,"동*****",999999,999999,999999,99999,99999,99999,"청***********",,"청***********",,"1132010600",99999,999,999
"20161028","KBA015130","5","서울특별시","도봉구",,"방학동",,"740",,"동*****",999999,999999,999999,99999,99999,99999,"청***********",,"청***********",,"1132010600",99999,999,999
"20161028","KBA015130","7","서울특별시","도봉구",,"방학동",,"740",,"동*****",999999,999999,999999,99999,99999,99999,"청***********",,"청***********",,"1132010600",99999,999,999
"20161028","KBA015564","1","서울특별시","도봉구",,"쌍문동",,"728",,"북*****",999999,999999,999999,99999,99999,99999,"초***********",,"초***********",,"1132010500",99999,999,999
"20161028","KBA015564","2","서울특별시","도봉구",,"쌍문동",,"728",,"북*****",999999,999999,999999,99999,99999,99999,"초***********",,"초***********",,"1132010500",99999,999,999
"20161028","KBA015564","3","서울특별시","도봉구",,"쌍문동",,"728",,"북*****",999999,999999,999999,99999,99999,99999,"초***********",,"초***********",,"1132010500",99999,999,999
"20161028","KBA015564","4","서울특별시","도봉구",,"쌍문동",,"728",,"북*****",999999,999999,999999,99999,99999,99999,"초***********",,"초***********",,"1132010500",99999,999,999
"20161028","KBA015592","1","서울특별시","도봉구",,"창동",,"715-3",,"미*****",999999,999999,999999,99999,99999,99999,"덕***********",,"덕***********",,"1132010700",99999,999,999
"20161028","KBA015802","1","서울특별시","도봉구",,"방학동",,"714-1",,"금*****",999999,999999,999999,99999,99999,99999,"조***********",,"조***********",,"1132010600",99999,999,999
"20161028","KBA015802","2","서울특별시","도봉구",,"방학동",,"714-1",,"금*****",999999,999999,999999,99999,99999,99999,"조***********",,"조***********",,"1132010600",99999,999,999
"20161028","KBA016313","1","서울특별시","도봉구",,"쌍문동",,"729",,"브*****",999999,999999,999999,99999,99999,99999,"서***********",,"서***********",,"1132010500",99999,999,999
"20161028","KBA016313","2","서울특별시","도봉구",,"쌍문동",,"729",,"브*****",999999,999999,999999,99999,99999,99999,"서***********",,"서***********",,"1132010500",99999,999,999
"20161028","KBA016313","3","서울특별시","도봉구",,"쌍문동",,"729",,"브*****",999999,999999,999999,99999,99999,99999,"서***********",,"서***********",,"1132010500",99999,999,999
"20161028","KBA016313","4","서울특별시","도봉구",,"쌍문동",,"729",,"브*****",999999,999999,999999,99999,99999,99999,"서***********",,"서***********",,"1132010500",99999,999,999
"20161028","KBA016313","5","서울특별시","도봉구",,"쌍문동",,"729",,"브*****",999999,999999,999999,99999,99999,99999,"서***********",,"서***********",,"1132010500",99999,999,999
"20161028","KBA016313","6","서울특별시","도봉구",,"쌍문동",,"729",,"브*****",999999,999999,999999,99999,99999,99999,"서***********",,"서***********",,"1132010500",99999,999,999
"20161028","KBA016393","1","서울특별시","도봉구",,"방학동",,"716-5",,"E*****",999999,999999,999999,99999,99999,99999,"부***********",,"부***********",,"1132010600",99999,999,999
"20161028","KBA016393","2","서울특별시","도봉구",,"방학동",,"716-5",,"E*****",999999,999999,999999,99999,99999,99999,"부***********",,"부***********",,"1132010600",99999,999,999
"20161028","KBA016779","1","서울특별시","도봉구",,"방학동",,"689","외1필지","방*****",999999,999999,999999,99999,99999,99999,,,,,"1132010600",99999,999,999
"20161028","KBA016779","10","서울특별시","도봉구",,"방학동",,"689","외1필지","방*****",999999,999999,999999,99999,99999,99999,,,,,"1132010600",99999,999,999
"20161028","KBA016779","11","서울특별시","도봉구",,"방학동",,"689","외1필지","방*****",999999,999999,999999,99999,99999,99999,,,,,"1132010600",99999,999,999
"20161028","KBA016779","12","서울특별시","도봉구",,"방학동",,"689","외1필지","방*****",999999,999999,999999,99999,99999,99999,,,,,"1132010600",99999,999,999
"20161028","KBA016779","2","서울특별시","도봉구",,"방학동",,"689","외1필지","방*****",999999,999999,999999,99999,99999,99999,,,,,"1132010600",99999,999,999
"20161028","KBA016779","3","서울특별시","도봉구",,"방학동",,"689","외1필지","방*****",999999,999999,999999,99999,99999,99999,,,,,"1132010600",99999,999,999
"20161028","KBA016779","4","서울특별시","도봉구",,"방학동",,"689","외1필지","방*****",999999,999999,999999,99999,99999,99999,,,,,"1132010600",99999,999,999
"20161028","KBA016779","5","서울특별시","도봉구",,"방학동",,"689","외1필지","방*****",999999,999999,999999,99999,99999,99999,,,,,"1132010600",99999,999,999
"20161028","KBA016779","6","서울특별시","도봉구",,"방학동",,"689","외1필지","방*****",999999,999999,999999,99999,99999,99999,,,,,"1132010600",99999,999,999
"20161028","KBA016779","7","서울특별시","도봉구",,"방학동",,"689","외1필지","방*****",999999,999999,999999,99999,99999,99999,,,,,"1132010600",99999,999,999
"20161028","KBA016779","8","서울특별시","도봉구",,"방학동",,"689","외1필지","방*****",999999,999999,999999,99999,99999,99999,,,,,"1132010600",99999,999,999
"20161028","KBA016779","9","서울특별시","도봉구",,"방학동",,"689","외1필지","방*****",999999,999999,999999,99999,99999,99999,,,,,"1132010600",99999,999,999
"20161028","KBA016943","1","서울특별시","도봉구",,"도봉동",,"647",,"도*****",999999,999999,999999,99999,99999,99999,"경***********",,"경***********",,"1132010800",99999,999,999
"20161028","KBA018899","2","서울특별시","도봉구",,"쌍문동",,"731","343-3","쌍*****",999999,999999,999999,99999,99999,99999,"쌍***********",,"쌍***********",,"1132010500",99999,999,999
"20161028","KBA018899","3","서울특별시","도봉구",,"쌍문동",,"731","343-3","쌍*****",999999,999999,999999,99999,99999,99999,"쌍***********",,"쌍***********",,"1132010500",99999,999,999
"20161028","KBA018899","4","서울특별시","도봉구",,"쌍문동",,"731","343-3","쌍*****",999999,999999,999999,99999,99999,99999,"쌍***********",,"쌍***********",,"1132010500",99999,999,999
"20161028","KBA018899","5","서울특별시","도봉구",,"쌍문동",,"731","343-3","쌍*****",999999,999999,999999,99999,99999,99999,"쌍***********",,"쌍***********",,"1132010500",99999,999,999
"20161028","KBA019238","1","서울특별시","도봉구",,"창동",,"826",,"북*****",999999,999999,999999,99999,99999,99999,"부***********",,"부***********",,"1132010700",99999,999,999
"20161028","KBA019238","2","서울특별시","도봉구",,"창동",,"826",,"북*****",999999,999999,999999,99999,99999,99999,"부***********",,"부***********",,"1132010700",99999,999,999
"20161028","KBA019238","3","서울특별시","도봉구",,"창동",,"826",,"북*****",999999,999999,999999,99999,99999,99999,"부***********",,"부***********",,"1132010700",99999,999,999
"20161028","KBA021339","3","서울특별시","도봉구",,"창동",,"827",,"동*****",999999,999999,999999,99999,99999,99999,"현***********",,"현***********",,"1132010700",99999,999,999
"20161028","KBA022927","1","서울특별시","도봉구",,"도봉동",,"657",,"도*****",999999,999999,999999,99999,99999,99999,"오***********",,"오***********",,"1132010800",99999,999,999
"20161028","KBA022927","4","서울특별시","도봉구",,"도봉동",,"657",,"도*****",999999,999999,999999,99999,99999,99999,"오***********",,"오***********",,"1132010800",99999,999,999
"20161028","KBA022927","5","서울특별시","도봉구",,"도봉동",,"657",,"도*****",999999,999999,999999,99999,99999,99999,"오***********",,"오***********",,"1132010800",99999,999,999
"20161028","KBA022927","6","서울특별시","도봉구",,"도봉동",,"657",,"도*****",999999,999999,999999,99999,99999,99999,"오***********",,"오***********",,"1132010800",99999,999,999
"20161028","KBA024622","1","서울특별시","도봉구",,"쌍문동",,"732",,"북*****",999999,999999,999999,99999,99999,99999,"쌍***********",,"쌍***********",,"1132010500",99999,999,999
"20161028","KBA024622","3","서울특별시","도봉구",,"쌍문동",,"732",,"북*****",999999,999999,999999,99999,99999,99999,"쌍***********",,"쌍***********",,"1132010500",99999,999,999
"20161028","KBA024622","5","서울특별시","도봉구",,"쌍문동",,"732",,"북*****",999999,999999,999999,99999,99999,99999,"쌍***********",,"쌍***********",,"1132010500",99999,999,999
